CtsUrn	VisualEvidence
urn:cts:greekLit:tlg5026.msAint.hmt:1.1503	urn:cite:hmt:vaimg.VA024RN-0025@0.09395726,0.30041494,0.08585114,0.05643154
urn:cts:greekLit:tlg5026.msAint.hmt:1.1456	urn:cite:hmt:vaimg.VA023VN-0525@0.85961680,0.57676349,0.04605748,0.03015214
urn:cts:greekLit:tlg5026.msAint.hmt:1.1455	urn:cite:hmt:vaimg.VA023VN-0525@0.85114223,0.29266943,0.03647752,0.03264177
urn:cts:greekLit:tlg5026.msAint.hmt:1.1408	urn:cite:hmt:vaimg.VA023RN-0024@0.11643331,0.55103734,0.05821665,0.03291840
urn:cts:greekLit:tlg5026.msAint.hmt:1.1407	urn:cite:hmt:vaimg.VA023RN-0024@0.10685335,0.49322268,0.07995578,0.04177040
urn:cts:greekLit:tlg5026.msAint.hmt:1.1406	urn:cite:hmt:vaimg.VA023RN-0024@0.10501105,0.36320885,0.06927045,0.01355463
urn:cts:greekLit:tlg5026.msAint.hmt:1.1405	urn:cite:hmt:vaimg.VA023RN-0024@0.12159175,0.28105118,0.06337509,0.02987552
urn:cts:greekLit:tlg5026.msAint.hmt:1.1349	urn:cite:hmt:vaimg.VA022VN-0524@0.86035372,0.50262794,0.04347826,0.05449516
urn:cts:greekLit:tlg5026.msAint.hmt:1.1294	urn:cite:hmt:vaimg.VA022RN-0023@0.10722181,0.34827109,0.06853353,0.03540802
urn:cts:greekLit:tlg5026.msAint.hmt:1.1240	urn:cite:hmt:vaimg.VA021VN-0523@0.85556374,0.63153527,0.05232130,0.03540802
urn:cts:greekLit:tlg5026.msAint.hmt:1.1239	urn:cite:hmt:vaimg.VA021VN-0523@0.84045689,0.45366528,0.05490052,0.05283541
urn:cts:greekLit:tlg5026.msAint.hmt:1.1190	urn:cite:hmt:vaimg.VA021RN-0022@0.11827561,0.55186722,0.06116433,0.05117566
urn:cts:greekLit:tlg5026.msAint.hmt:1.1137	urn:cite:hmt:vaimg.VA020VN-0522@0.85777450,0.54163209,0.05821665,0.01217151
urn:cts:greekLit:tlg5026.msAint.hmt:1.1136	urn:cite:hmt:vaimg.VA020VN-0522@0.84929993,0.30677732,0.04863670,0.04315353
urn:cts:greekLit:tlg5026.msAint.hmt:1.1078	urn:cite:hmt:vaimg.VA020RN-0021@0.11938099,0.63872752,0.04716286,0.03872752
urn:cts:greekLit:tlg5026.msAint.hmt:1.1077	urn:cite:hmt:vaimg.VA020RN-0021@0.12748710,0.57482711,0.05416360,0.03374827
urn:cts:greekLit:tlg5026.msAint.hmt:1.1076	urn:cite:hmt:vaimg.VA020RN-0021@0.10280029,0.19446750,0.06226971,0.04674965
urn:cts:greekLit:tlg5026.msAint.hmt:1.1003	urn:cite:hmt:vaimg.VA019RN-0020@0.09837878,0.42793914,0.05674282,0.03181189
urn:cts:greekLit:tlg5026.msAint.hmt:1.1002	urn:cite:hmt:vaimg.VA019RN-0020@0.10464259,0.28492393,0.05932203,0.03374827
urn:cts:greekLit:tlg5026.msAint.hmt:1.943	urn:cite:hmt:vaimg.VA018VN-0520@0.86403832,0.65034578,0.04568902,0.04481328
urn:cts:greekLit:tlg5026.msAint.hmt:1.942	urn:cite:hmt:vaimg.VA018VN-0520@0.83271923,0.49598893,0.06337509,0.01853389
urn:cts:greekLit:tlg5026.msAint.hmt:1.878	urn:cite:hmt:vaimg.VA018RN-0019@0.12122329,0.43402490,0.04421518,0.03900415
urn:cts:greekLit:tlg5026.msAint.hmt:1.877	urn:cite:hmt:vaimg.VA018RN-0019@0.10243183,0.20221300,0.06374355,0.04426003
urn:cts:greekLit:tlg5026.msAint.hmt:1.810	urn:cite:hmt:vaimg.VA017VN-0519@0.83161385,0.64757953,0.04421518,0.03153527
urn:cts:greekLit:tlg5026.msAint.hmt:1.809	urn:cite:hmt:vaimg.VA017VN-0519@0.83824613,0.61659751,0.04605748,0.03208852
urn:cts:greekLit:tlg5026.msAint.hmt:1.808	urn:cite:hmt:vaimg.VA017VN-0519@0.82313928,0.52475795,0.05563744,0.03817427
urn:cts:greekLit:tlg5026.msAint.hmt:1.742	urn:cite:hmt:vaimg.VA017RN-0018@0.12453943,0.66224066,0.04974208,0.02323651
urn:cts:greekLit:tlg5026.msAint.hmt:1.741	urn:cite:hmt:vaimg.VA017RN-0018@0.12232867,0.60525588,0.05969049,0.03153527
urn:cts:greekLit:tlg5026.msAint.hmt:1.740	urn:cite:hmt:vaimg.VA017RN-0018@0.12343405,0.52558783,0.05490052,0.04840941
urn:cts:greekLit:tlg5026.msAint.hmt:1.739	urn:cite:hmt:vaimg.VA017RN-0018@0.14812085,0.50539419,0.02284451,0.01742739
urn:cts:greekLit:tlg5026.msAint.hmt:1.673	urn:cite:hmt:vaimg.VA016VN-0518@0.82092852,0.49709544,0.05600590,0.02627939
urn:cts:greekLit:tlg5026.msAint.hmt:1.672	urn:cite:hmt:vaimg.VA016VN-0518@0.78187178,0.25504841,0.05305822,0.01438451
urn:cts:greekLit:tlg5026.msAint.hmt:1.619	urn:cite:hmt:vaimg.VA016RN-0017@0.10611643,0.65892116,0.06816507,0.07551867
urn:cts:greekLit:tlg5026.msAint.hmt:1.618	urn:cite:hmt:vaimg.VA016RN-0017@0.13448784,0.40525588,0.03979366,0.02019364
urn:cts:greekLit:tlg5026.msAint.hmt:1.617	urn:cite:hmt:vaimg.VA016RN-0017@0.13043478,0.24840941,0.04716286,0.03153527
urn:cts:greekLit:tlg5026.msAint.hmt:1.616	urn:cite:hmt:vaimg.VA016RN-0017@0.14738394,0.19695712,0.03647752,0.00912863
urn:cts:greekLit:tlg5026.msAint.hmt:1.572	urn:cite:hmt:vaimg.VA015VN-0517@0.79918939,0.62019364,0.06263817,0.02932227
urn:cts:greekLit:tlg5026.msAint.hmt:1.571	urn:cite:hmt:vaimg.VA015VN-0517@0.81245394,0.55352697,0.05121592,0.01881051
urn:cts:greekLit:tlg5026.msAint.hmt:1.570	urn:cite:hmt:vaimg.VA015VN-0517@0.78960943,0.51396957,0.06595431,0.01964039
urn:cts:greekLit:tlg5026.msAint.hmt:1.569	urn:cite:hmt:vaimg.VA015VN-0517@0.81466470,0.38672199,0.04053058,0.02738589
urn:cts:greekLit:tlg5026.msAint.hmt:1.568	urn:cite:hmt:vaimg.VA015VN-0517@0.78555637,0.21576763,0.05379514,0.03485477
urn:cts:greekLit:tlg5026.msAint.hmt:1.506	urn:cite:hmt:vaimg.VA015RN-0016@0.12785556,0.68326418,0.20928519,0.02849239
urn:cts:greekLit:tlg5026.msAint.hmt:1.505	urn:cite:hmt:vaimg.VA015RN-0016@0.13264554,0.60525588,0.05195284,0.06915629
urn:cts:greekLit:tlg5026.msAint.hmt:1.504	urn:cite:hmt:vaimg.VA015RN-0016@0.14701548,0.57040111,0.02652911,0.01438451
urn:cts:greekLit:tlg5026.msAint.hmt:1.503	urn:cite:hmt:vaimg.VA015RN-0016@0.13706706,0.43762102,0.04863670,0.04536653
urn:cts:greekLit:tlg5026.msAint.hmt:1.502	urn:cite:hmt:vaimg.VA015RN-0016@0.13264554,0.33858921,0.05047900,0.04619640
urn:cts:greekLit:tlg5026.msAint.hmt:1.432	urn:cite:hmt:vaimg.VA014VN-0516@0.82571850,0.52890733,0.05121592,0.03098202
urn:cts:greekLit:tlg5026.msAint.hmt:1.431	urn:cite:hmt:vaimg.VA014VN-0516@0.82056006,0.35656985,0.04863670,0.06168741
urn:cts:greekLit:tlg5026.msAint.hmt:1.142	urn:cite:hmt:vaimg.VA014RN-0015@0.11532793,0.52116183,0.06005895,0.02959889
urn:cts:greekLit:tlg5026.msAint.hmt:1.141	urn:cite:hmt:vaimg.VA014RN-0015@0.12601326,0.26085754,0.05747973,0.03347165
urn:cts:greekLit:tlg5026.msAint.hmt:1.115	urn:cite:hmt:vaimg.VA013VN-0515@0.83087693,0.61991701,0.05379514,0.02295989
urn:cts:greekLit:tlg5026.msAint.hmt:1.114	urn:cite:hmt:vaimg.VA013VN-0515@0.81798084,0.55850622,0.06558585,0.05449516
urn:cts:greekLit:tlg5026.msAint.hmt:1.113	urn:cite:hmt:vaimg.VA013VN-0515@0.82608696,0.50650069,0.05526898,0.04204703
urn:cts:greekLit:tlg5026.msAint.hmt:1.92	urn:cite:hmt:vaimg.VA013RN-0014@0.11864407,0.65504841,0.04310980,0.02738589
urn:cts:greekLit:tlg5026.msAint.hmt:1.91	urn:cite:hmt:vaimg.VA013RN-0014@0.10795873,0.50069156,0.06595431,0.03872752
urn:cts:greekLit:tlg5026.msAint.hmt:1.90	urn:cite:hmt:vaimg.VA013RN-0014@0.11016949,0.40608575,0.06374355,0.04343015
urn:cts:greekLit:tlg5026.msAint.hmt:1.89	urn:cite:hmt:vaimg.VA013RN-0014@0.11827561,0.38672199,0.05011054,0.01134163
urn:cts:greekLit:tlg5026.msAint.hmt:1.88	urn:cite:hmt:vaimg.VA013RN-0014@0.11790715,0.30733057,0.06558585,0.07966805
urn:cts:greekLit:tlg5026.msAint.hmt:1.60	urn:cite:hmt:vaimg.VA012VN-0514@0.83640383,0.66804979,0.08511422,0.17565698
urn:cts:greekLit:tlg5026.msAint.hmt:1.59	urn:cite:hmt:vaimg.VA012VN-0514@0.81282240,0.65311203,0.03979366,0.01936376
urn:cts:greekLit:tlg5026.msAint.hmt:1.58	urn:cite:hmt:vaimg.VA012VN-0514@0.84340457,0.56265560,0.05084746,0.02461964
urn:cts:greekLit:tlg5026.msAint.hmt:1.57	urn:cite:hmt:vaimg.VA012VN-0514@0.85114223,0.49958506,0.04495210,0.03540802
urn:cts:greekLit:tlg5026.msAint.hmt:1.56	urn:cite:hmt:vaimg.VA012VN-0514@0.83714075,0.46804979,0.05121592,0.01964039
urn:cts:greekLit:tlg5026.msAint.hmt:1.55	urn:cite:hmt:vaimg.VA012VN-0514@0.82608696,0.27607192,0.06005895,0.05034578
urn:cts:greekLit:tlg5026.msAint.hmt:1.32	urn:cite:hmt:vaimg.VA012RN-0013@0.08591065,0.65625000,0.07636502,0.22677752
urn:cts:greekLit:tlg5026.msAint.hmt:1.31	urn:cite:hmt:vaimg.VA012RN-0013@0.10385643,0.53669725,0.04734632,0.03038991
urn:cts:greekLit:tlg5026.msAint.hmt:1.30	urn:cite:hmt:vaimg.VA012RN-0013@0.10729286,0.51433486,0.04543719,0.02293578
urn:cts:greekLit:tlg5026.msAint.hmt:1.29	urn:cite:hmt:vaimg.VA012RN-0013@0.11034746,0.49283257,0.04696449,0.02236239
urn:cts:greekLit:tlg5026.msAint.hmt:1.28	urn:cite:hmt:vaimg.VA012RN-0013@0.11836579,0.44753440,0.03703704,0.03411697
urn:cts:greekLit:tlg5026.msAint.hmt:1.27	urn:cite:hmt:vaimg.VA012RN-0013@0.11760214,0.36811927,0.03741886,0.02006881
urn:cts:greekLit:tlg5026.msAint.hmt:7.415	urn:cite:hmt:vaimg.VA093RN-0265@0.1074,0.5461,0.0678,0.0281
urn:cts:greekLit:tlg5026.msAint.hmt:7.414	urn:cite:hmt:vaimg.VA093RN-0265@0.108,0.5109,0.0718,0.038
urn:cts:greekLit:tlg5026.msAint.hmt:7.413	urn:cite:hmt:vaimg.VA093RN-0265@0.1154,0.4477,0.0647,0.0432
urn:cts:greekLit:tlg5026.msAint.hmt:7.412	urn:cite:hmt:vaimg.VA093RN-0265@0.1109,0.4058,0.073,0.0331
urn:cts:greekLit:tlg5026.msAint.hmt:7.411	urn:cite:hmt:vaimg.VA093RN-0265@0.1126,0.3733,0.0707,0.0374
urn:cts:greekLit:tlg5026.msAint.hmt:7.316	urn:cite:hmt:vaimg.VA092VN-0595@0.853,0.4711,0.047,0.0368
urn:cts:greekLit:tlg5026.msAint.hmt:7.315	urn:cite:hmt:vaimg.VA092VN-0595@0.832,0.3479,0.056,0.0361
urn:cts:greekLit:tlg5026.msAint.hmt:7.2050	urn:cite:hmt:vaimg.VA098RN-0270@0.1108,0.3544,0.0592,0.0357
urn:cts:greekLit:tlg5026.msAint.hmt:7.2039	urn:cite:hmt:vaimg.VA097VN-0600@0.835,0.6111,0.0583,0.02
urn:cts:greekLit:tlg5026.msAint.hmt:7.2038	urn:cite:hmt:vaimg.VA097VN-0600@0.8742,0.345,0.0342,0.0332
urn:cts:greekLit:tlg5026.msAint.hmt:7.2027	urn:cite:hmt:vaimg.VA097RN-0269@0.1092,0.5517,0.0467,0.015
urn:cts:greekLit:tlg5026.msAint.hmt:7.2026	urn:cite:hmt:vaimg.VA097RN-0269@0.1083,0.4546,0.0433,0.0188
urn:cts:greekLit:tlg5026.msAint.hmt:7.213	urn:cite:hmt:vaimg.VA092RN-0264@0.0842,0.6575,0.075,0.0438
urn:cts:greekLit:tlg5026.msAint.hmt:7.212	urn:cite:hmt:vaimg.VA092RN-0264@0.0892,0.5748,0.0767,0.0463
urn:cts:greekLit:tlg5026.msAint.hmt:7.211	urn:cite:hmt:vaimg.VA092RN-0264@0.0967,0.4684,0.0767,0.0557
urn:cts:greekLit:tlg5026.msAint.hmt:7.20	urn:cite:hmt:vaimg.VA091RN-0263@0.0982,0.5829,0.0797,0.0271
urn:cts:greekLit:tlg5026.msAint.hmt:7.19	urn:cite:hmt:vaimg.VA091RN-0263@0.1044,0.5055,0.0684,0.0249
urn:cts:greekLit:tlg5026.msAint.hmt:7.18	urn:cite:hmt:vaimg.VA091RN-0263@0.1,0.4292,0.0735,0.0268
urn:cts:greekLit:tlg5026.msAint.hmt:7.17	urn:cite:hmt:vaimg.VA091RN-0263@0.0969,0.3725,0.0778,0.0435
urn:cts:greekLit:tlg5026.msAint.hmt:7.16	urn:cite:hmt:vaimg.VA091RN-0263@0.1109,0.337,0.064,0.0372
urn:cts:greekLit:tlg5026.msAint.hmt:7.15	urn:cite:hmt:vaimg.VA091RN-0263@0.1059,0.3143,0.0688,0.0259
urn:cts:greekLit:tlg5026.msAint.hmt:7.14	urn:cite:hmt:vaimg.VA091RN-0263@0.1038,0.2889,0.0747,0.0299
urn:cts:greekLit:tlg5026.msAint.hmt:7.3049	urn:cite:hmt:vaimg.VA099VN-0602@0.855,0.65,0.0525,0.0269
urn:cts:greekLit:tlg5026.msAint.hmt:7.3017	urn:cite:hmt:vaimg.VA099RN-0271@0.098,0.6431,0.083,0.0383
urn:cts:greekLit:tlg5026.msAint.hmt:7.3016	urn:cite:hmt:vaimg.VA099RN-0271@0.108,0.6206,0.069,0.0248
urn:cts:greekLit:tlg5026.msAint.hmt:7.3015	urn:cite:hmt:vaimg.VA099RN-0271@0.101,0.583,0.072,0.0458
urn:cts:greekLit:tlg5026.msAint.hmt:7.3014	urn:cite:hmt:vaimg.VA099RN-0271@0.104,0.4448,0.074,0.0721
urn:cts:greekLit:tlg5026.msAint.hmt:7.3013	urn:cite:hmt:vaimg.VA099RN-0271@0.098,0.3599,0.077,0.0308
urn:cts:greekLit:tlg5026.msAint.hmt:7.3012	urn:cite:hmt:vaimg.VA099RN-0271@0.104,0.2735,0.075,0.0646
urn:cts:greekLit:tlg5026.msAint.hmt:7.3008	urn:cite:hmt:vaimg.VA100RN-0272@0.103,0.5845,0.065,0.0533
urn:cts:greekLit:tlg5026.msAint.hmt:7.3007	urn:cite:hmt:vaimg.VA100RN-0272@0.103,0.3974,0.07,0.0293
urn:cts:greekLit:tlg5026.msAint.hmt:7.3005	urn:cite:hmt:vaimg.VA098VN-0601@0.8558,0.6249,0.0408,0.0326
urn:cts:greekLit:tlg5026.msAint.hmt:7.3004	urn:cite:hmt:vaimg.VA098VN-0601@0.8517,0.4415,0.0483,0.0407
urn:cts:greekLit:tlg5026.msAint.hmt:6.205	urn:cite:hmt:vaimg.VA090VN-0593@0.83714075,0.31950207,0.04882093,0.02074689
urn:cts:greekLit:tlg5026.msAint.hmt:6.204	urn:cite:hmt:vaimg.VA090RN-0262@0.10961680,0.60899032,0.04771555,0.03692946
urn:cts:greekLit:tlg5026.msAint.hmt:6.203	urn:cite:hmt:vaimg.VA090RN-0262@0.09948416,0.47551867,0.04863670,0.02351314
urn:cts:greekLit:tlg5026.msAint.hmt:6.202	urn:cite:hmt:vaimg.VA089RN-0261@0.11016949,0.38948824,0.05747973,0.02130014
urn:cts:greekLit:tlg5026.msAint.hmt:6.201	urn:cite:hmt:vaimg.VA089RN-0261@0.11219602,0.29557400,0.04697863,0.03762102
urn:cts:greekLit:tlg5026.msAint.hmt:6.200	urn:cite:hmt:vaimg.VA088VN-0591@0.84432572,0.42088520,0.04384672,0.01881051
urn:cts:greekLit:tlg5026.msAint.hmt:6.199	urn:cite:hmt:vaimg.VA088RN-0260@0.11790715,0.64370678,0.03647752,0.01161826
urn:cts:greekLit:tlg5026.msAint.hmt:6.198	urn:cite:hmt:vaimg.VA088RN-0260@0.10169492,0.61355463,0.06190125,0.03125864
urn:cts:greekLit:tlg5026.msAint.hmt:6.197	urn:cite:hmt:vaimg.VA088RN-0260@0.11274871,0.57869986,0.05305822,0.03485477
urn:cts:greekLit:tlg5026.msAint.hmt:6.196	urn:cite:hmt:vaimg.VA087VN-0590@0.83787767,0.54370678,0.03684598,0.01576763
urn:cts:greekLit:tlg5026.msAint.hmt:6.195	urn:cite:hmt:vaimg.VA087VN-0590@0.83714075,0.33540802,0.03500368,0.01715076
urn:cts:greekLit:tlg5026.msAint.hmt:6.194	urn:cite:hmt:vaimg.VA087RN-0259@0.10611643,0.65753804,0.05655859,0.01479945
urn:cts:greekLit:tlg5026.msAint.hmt:6.193	urn:cite:hmt:vaimg.VA087RN-0259@0.10611643,0.65753804,0.05655859,0.01479945
urn:cts:greekLit:tlg5026.msAint.hmt:6.192	urn:cite:hmt:vaimg.VA087RN-0259@0.10408990,0.61687414,0.04568902,0.01936376
urn:cts:greekLit:tlg5026.msAint.hmt:6.191	urn:cite:hmt:vaimg.VA087RN-0259@0.11016949,0.54633472,0.03831982,0.01369295
urn:cts:greekLit:tlg5026.msAint.hmt:6.190	urn:cite:hmt:vaimg.VA087RN-0259@0.11422255,0.44951591,0.05268976,0.01936376
urn:cts:greekLit:tlg5026.msAint.hmt:6.189	urn:cite:hmt:vaimg.VA087RN-0259@0.10869565,0.35698479,0.03095063,0.01977870
urn:cts:greekLit:tlg5026.msAint.hmt:6.188	urn:cite:hmt:vaimg.VA087RN-0259@0.11330140,0.29861687,0.05821665,0.03374827
urn:cts:greekLit:tlg5026.msAint.hmt:6.187	urn:cite:hmt:vaimg.VA087RN-0259@0.12214444,0.22116183,0.04955785,0.01908714
urn:cts:greekLit:tlg5026.msAint.hmt:6.186	urn:cite:hmt:vaimg.VA086RN-0258@0.10832719,0.58796680,0.05011054,0.01715076
urn:cts:greekLit:tlg5026.msAint.hmt:6.185	urn:cite:hmt:vaimg.VA086RN-0258@0.10998526,0.43651452,0.04863670,0.03360996
urn:cts:greekLit:tlg5026.msAint.hmt:6.184	urn:cite:hmt:vaimg.VA085VN-0588@0.81208548,0.51521438,0.05453206,0.01424620
urn:cts:greekLit:tlg5026.msAint.hmt:6.183	urn:cite:hmt:vaimg.VA085VN-0588@0.85022108,0.42959889,0.03408254,0.03540802
urn:cts:greekLit:tlg5026.msAint.hmt:6.182	urn:cite:hmt:vaimg.VA085VN-0588@0.84893147,0.31701245,0.04163596,0.04107884
urn:cts:greekLit:tlg5026.msAint.hmt:6.181	urn:cite:hmt:vaimg.VA085RN-0257@0.10316875,0.60428769,0.05011054,0.02323651
urn:cts:greekLit:tlg5026.msAint.hmt:6.180	urn:cite:hmt:vaimg.VA085RN-0257@0.10574797,0.35988935,0.05876934,0.02475795
urn:cts:greekLit:tlg5026.msAint.hmt:6.179	urn:cite:hmt:vaimg.VA084VN-0587@0.85372144,0.63139696,0.03352985,0.01535270
urn:cts:greekLit:tlg5026.msAint.hmt:6.178	urn:cite:hmt:vaimg.VA084VN-0587@0.87140752,0.53167358,0.02266028,0.01009682
urn:cts:greekLit:tlg5026.msAint.hmt:6.177	urn:cite:hmt:vaimg.VA084VN-0587@0.83640383,0.48506224,0.04568902,0.01396957
urn:cts:greekLit:tlg5026.msAint.hmt:6.176	urn:cite:hmt:vaimg.VA084RN-0256@0.09727340,0.39391425,0.06079587,0.03015214
urn:cts:greekLit:tlg5026.msAint.hmt:6.175	urn:cite:hmt:vaimg.VA084RN-0256@0.09874724,0.35822960,0.05858511,0.02517289
urn:cts:greekLit:tlg5026.msAint.hmt:6.174	urn:cite:hmt:vaimg.VA084RN-0256@0.10390567,0.24260028,0.04900516,0.02268326
urn:cts:greekLit:tlg5026.msAint.hmt:6.173	urn:cite:hmt:vaimg.VA083VN-0586@0.82461312,0.59128631,0.05600590,0.03098202
urn:cts:greekLit:tlg5026.msAint.hmt:6.172	urn:cite:hmt:vaimg.VA083VN-0586@0.86072218,0.51881051,0.02910833,0.03679115
urn:cts:greekLit:tlg5026.msAint.hmt:6.171	urn:cite:hmt:vaimg.VA083VN-0586@0.83750921,0.29557400,0.04310980,0.03872752
urn:cts:greekLit:tlg5026.msAint.hmt:6.170	urn:cite:hmt:vaimg.VA083RN-0084@0.21444363,0.22323651,0.09156227,0.00968188
urn:cts:greekLit:tlg5026.msAint.hmt:6.169	urn:cite:hmt:vaimg.VA082RN-0254@0.14535741,0.57233748,0.05490052,0.01134163
urn:cts:greekLit:tlg5026.msAint.hmt:6.168	urn:cite:hmt:vaimg.VA082RN-0254@0.08069270,0.43305671,0.06908622,0.15518672
urn:cts:greekLit:tlg5026.msAint.hmt:6.167	urn:cite:hmt:vaimg.VA082RN-0254@0.09764186,0.41120332,0.07737657,0.01549101
urn:cts:greekLit:tlg5026.msAint.hmt:6.166	urn:cite:hmt:vaimg.VA081VN-0584@0.85298452,0.52268326,0.04458364,0.03042877
urn:cts:greekLit:tlg5026.msAint.hmt:6.165	urn:cite:hmt:vaimg.VA081RN-0082@0.10058954,0.68049793,0.15585851,0.03112033
urn:cts:greekLit:tlg5026.msAint.hmt:6.164	urn:cite:hmt:vaimg.VA081RN-0082@0.10390567,0.48838174,0.05195284,0.02780083
urn:cts:greekLit:tlg5026.msAint.hmt:6.163	urn:cite:hmt:vaimg.VA080VN-0583@0.87030214,0.64301521,0.02505527,0.02932227
urn:cts:greekLit:tlg5026.msAint.hmt:6.162	urn:cite:hmt:vaimg.VA080VN-0583@0.83714075,0.22503458,0.03242447,0.02323651
urn:cts:greekLit:tlg5026.msAint.hmt:5.2027	urn:cite:hmt:vaimg.VA068RN-0069@0.19675755,0.68395574,0.19749447,0.01120332
urn:cts:greekLit:tlg5026.msAint.hmt:5.6119	urn:cite:hmt:vaimg.VA067VN-0569@0.87472366,0.43706777,0.03610906,0.02213001
urn:cts:greekLit:tlg5026.msAint.hmt:5.6118	urn:cite:hmt:vaimg.VA067VN-0569@0.81687546,0.34661134,0.06484893,0.01466113
urn:cts:greekLit:tlg5026.msAint.hmt:5.6100	urn:cite:hmt:vaimg.VA067RN-0068@0.07737657,0.63319502,0.07074429,0.07385892
urn:cts:greekLit:tlg5026.msAint.hmt:5.6099	urn:cite:hmt:vaimg.VA067RN-0068@0.10943257,0.59280775,0.05637436,0.01936376
urn:cts:greekLit:tlg5026.msAint.hmt:5.6098	urn:cite:hmt:vaimg.VA067RN-0068@0.10611643,0.53278008,0.05490052,0.02489627
urn:cts:greekLit:tlg5026.msAint.hmt:5.6097	urn:cite:hmt:vaimg.VA067RN-0068@0.12085483,0.47966805,0.03647752,0.02074689
urn:cts:greekLit:tlg5026.msAint.hmt:5.6096	urn:cite:hmt:vaimg.VA067RN-0068@0.11532793,0.26417704,0.05600590,0.03457815
urn:cts:greekLit:tlg5026.msAint.hmt:5.6092	urn:cite:hmt:vaimg.VA066VN-0568@0.82719234,0.43845090,0.06042741,0.01964039
urn:cts:greekLit:tlg5026.msAint.hmt:5.6079	urn:cite:hmt:vaimg.VA066VN-0568@0.86293294,0.58672199,0.04826824,0.02130014
urn:cts:greekLit:tlg5026.msAint.hmt:5.6064	urn:cite:hmt:vaimg.VA066RN-0067@0.09469418,0.65062241,0.05158438,0.01991701
urn:cts:greekLit:tlg5026.msAint.hmt:5.6063	urn:cite:hmt:vaimg.VA066RN-0067@0.09948416,0.55435685,0.05784819,0.03125864
urn:cts:greekLit:tlg5026.msAint.hmt:5.6062	urn:cite:hmt:vaimg.VA066RN-0067@0.10316875,0.44177040,0.05232130,0.03845090
urn:cts:greekLit:tlg5026.msAint.hmt:5.6061	urn:cite:hmt:vaimg.VA066RN-0067@0.10316875,0.40359613,0.04347826,0.02213001
urn:cts:greekLit:tlg5026.msAint.hmt:5.6060	urn:cite:hmt:vaimg.VA066RN-0067@0.09579956,0.27939142,0.05158438,0.02019364
urn:cts:greekLit:tlg5026.msAint.hmt:5.6050	urn:cite:hmt:vaimg.VA065RN-0066@0.09432572,0.64591978,0.07406043,0.03706777
urn:cts:greekLit:tlg5026.msAint.hmt:5.6049	urn:cite:hmt:vaimg.VA065RN-0066@0.10169492,0.55297372,0.05932203,0.04647303
urn:cts:greekLit:tlg5026.msAint.hmt:5.6048	urn:cite:hmt:vaimg.VA065RN-0066@0.09616802,0.43485477,0.06448047,0.07109267
urn:cts:greekLit:tlg5026.msAint.hmt:5.6047	urn:cite:hmt:vaimg.VA065RN-0066@0.10390567,0.39917012,0.05674282,0.03928077
urn:cts:greekLit:tlg5026.msAint.hmt:5.6046	urn:cite:hmt:vaimg.VA065RN-0066@0.12122329,0.25228216,0.05121592,0.02130014
urn:cts:greekLit:tlg5026.msAint.hmt:5.6040	urn:cite:hmt:vaimg.VA064VN-0566@0.85851142,0.46666667,0.03868828,0.01410788
urn:cts:greekLit:tlg5026.msAint.hmt:5.6030	urn:cite:hmt:vaimg.VA064RN-0065@0.11053795,0.62627939,0.07406043,0.02295989
urn:cts:greekLit:tlg5026.msAint.hmt:5.6029	urn:cite:hmt:vaimg.VA064RN-0065@0.13596168,0.58589212,0.04384672,0.02019364
urn:cts:greekLit:tlg5026.msAint.hmt:5.6028	urn:cite:hmt:vaimg.VA064RN-0065@0.12859248,0.56320885,0.05674282,0.02157676
urn:cts:greekLit:tlg5026.msAint.hmt:5.6025	urn:cite:hmt:vaimg.VA063VN-0565@0.85077377,0.27579530,0.03574060,0.02130014
urn:cts:greekLit:tlg5026.msAint.hmt:5.6019	urn:cite:hmt:vaimg.VA063RN-0064@0.12011791,0.38008299,0.04753132,0.02351314
urn:cts:greekLit:tlg5026.msAint.hmt:5.6018	urn:cite:hmt:vaimg.VA063RN-0064@0.11569639,0.30982019,0.06116433,0.03651452
urn:cts:greekLit:tlg5026.msAint.hmt:5.6002	urn:cite:hmt:vaimg.VA062RN-0063@0.11348563,0.65062241,0.06226971,0.04564315
urn:cts:greekLit:tlg5026.msAint.hmt:5.6001	urn:cite:hmt:vaimg.VA062RN-0063@0.11422255,0.62876902,0.06263817,0.02213001
urn:cts:greekLit:tlg5026.msAint.hmt:5.6000	urn:cite:hmt:vaimg.VA062RN-0063@0.08142962,0.53139696,0.02100221,0.04536653
urn:cts:greekLit:tlg5026.msAint.hmt:5.5030	urn:cite:hmt:vaimg.VA080RN-0081@0.09801032,0.50954357,0.07037583,0.01272476
urn:cts:greekLit:tlg5026.msAint.hmt:5.5029	urn:cite:hmt:vaimg.VA080RN-0081@0.07700811,0.46556017,0.08400884,0.02378976
urn:cts:greekLit:tlg5026.msAint.hmt:5.5008	urn:cite:hmt:vaimg.VA079RN-0080@0.10519528,0.29266943,0.06392778,0.03291840
urn:cts:greekLit:tlg5026.msAint.hmt:5.4076	urn:cite:hmt:vaimg.VA078RN-0079@0.104642593957259,0.610511756569848,0.0840088430361091,0.131120331950207
urn:cts:greekLit:tlg5026.msAint.hmt:5.4075	urn:cite:hmt:vaimg.VA078RN-0079@0.126750184229919,0.465836791147994,0.0596904937361828,0.0365145228215768
urn:cts:greekLit:tlg5026.msAint.hmt:5.4074	urn:cite:hmt:vaimg.VA078RN-0079@0.12822402358143,0.38478561549101,0.0633750921149595,0.0273858921161826
urn:cts:greekLit:tlg5026.msAint.hmt:5.4073	urn:cite:hmt:vaimg.VA078RN-0079@0.128592483419307,0.210788381742739,0.0692704495210022,0.027939142461964
urn:cts:greekLit:tlg5026.msAint.hmt:5.4072	urn:cite:hmt:vaimg.VA077VN-0580@0.807295504789978,0.625449515905947,0.0681650700073692,0.0210235131396957
urn:cts:greekLit:tlg5026.msAint.hmt:5.4071	urn:cite:hmt:vaimg.VA077VN-0580@0.820191599115696,0.493775933609959,0.0453205600589536,0.0160442600276625
urn:cts:greekLit:tlg5026.msAint.hmt:5.4070	urn:cite:hmt:vaimg.VA076RN-0077@0.122697126013265,0.372614107883817,0.0674281503316139,0.0356846473029046
urn:cts:greekLit:tlg5026.msAint.hmt:5.4069	urn:cite:hmt:vaimg.VA075VN-0577@0.864038319823139,0.332780082987552,0.0316875460574797,0.0185338865836791
urn:cts:greekLit:tlg5026.msAint.hmt:5.3008	urn:cite:hmt:vaimg.VA075RN-0076@0.11495947,0.61549101,0.04310980,0.02392808
urn:cts:greekLit:tlg5026.msAint.hmt:5.2043	urn:cite:hmt:vaimg.VA068VN-0570@0.83695652,0.36597510,0.05103169,0.02282158
urn:cts:greekLit:tlg5026.msAint.hmt:5.2042	urn:cite:hmt:vaimg.VA068VN-0570@0.85593220,0.33236515,0.03039794,0.01742739
urn:cts:greekLit:tlg5026.msAint.hmt:5.4015	urn:cite:hmt:vaimg.VA068RN-0069@0.11035372,0.65615491,0.05011054,0.02074689
urn:cts:greekLit:tlg5026.msAint.hmt:5.4014	urn:cite:hmt:vaimg.VA068RN-0069@0.10372144,0.47966805,0.04863670,0.00982019
urn:cts:greekLit:tlg5026.msAint.hmt:5.4013	urn:cite:hmt:vaimg.VA068RN-0069@0.10390567,0.44204703,0.04495210,0.01051176
urn:cts:greekLit:tlg5026.msAint.hmt:5.4012	urn:cite:hmt:vaimg.VA068RN-0069@0.10537951,0.42019364,0.05453206,0.01272476
urn:cts:greekLit:tlg5026.msAint.hmt:5.4011	urn:cite:hmt:vaimg.VA068RN-0069@0.10869565,0.35062241,0.05047900,0.02904564
urn:cts:greekLit:tlg5026.msAint.hmt:4.782	urn:cite:hmt:vaimg.VA062RN-0063@0.12988209,0.28769018,0.04918939,0.02738589
urn:cts:greekLit:tlg5026.msAint.hmt:4.774	urn:cite:hmt:vaimg.VA061VN-0563@0.86477524,0.51244813,0.02763449,0.01811895
urn:cts:greekLit:tlg5026.msAint.hmt:4.740	urn:cite:hmt:vaimg.VA061RN-0062@0.12343405,0.50248963,0.05582167,0.06044260
urn:cts:greekLit:tlg5026.msAint.hmt:4.734	urn:cite:hmt:vaimg.VA061RN-0062@0.14627856,0.44813278,0.02560796,0.00968188
urn:cts:greekLit:tlg5026.msAint.hmt:4.726	urn:cite:hmt:vaimg.VA061RN-0062@0.12343405,0.32780083,0.04384672,0.05477178
urn:cts:greekLit:tlg5026.msAint.hmt:4.690	urn:cite:hmt:vaimg.VA060RN-0061@0.11956522,0.66307054,0.06798084,0.02641770
urn:cts:greekLit:tlg5026.msAint.hmt:4.684	urn:cite:hmt:vaimg.VA060RN-0061@0.11993368,0.62641770,0.05287399,0.03402490
urn:cts:greekLit:tlg5026.msAint.hmt:4.678	urn:cite:hmt:vaimg.VA060RN-0061@0.12380251,0.56417704,0.06705969,0.02378976
urn:cts:greekLit:tlg5026.msAint.hmt:4.673	urn:cite:hmt:vaimg.VA060RN-0061@0.12085483,0.52378976,0.06705969,0.03347165
urn:cts:greekLit:tlg5026.msAint.hmt:4.636	urn:cite:hmt:vaimg.VA059VN-0561@0.83935151,0.34149378,0.03758290,0.01535270
urn:cts:greekLit:tlg5026.msAint.hmt:4.602	urn:cite:hmt:vaimg.VA059RN-0060@0.13669860,0.38962656,0.06226971,0.04591978
urn:cts:greekLit:tlg5026.msAint.hmt:4.592	urn:cite:hmt:vaimg.VA058VN-0560@0.88946205,0.67579530,0.06705969,0.10650069
urn:cts:greekLit:tlg5026.msAint.hmt:4.542	urn:cite:hmt:vaimg.VA058RN-0059@0.11901253,0.31341632,0.06190125,0.04591978
urn:cts:greekLit:tlg5026.msAint.hmt:4.486	urn:cite:hmt:vaimg.VA057RN-0058@0.12251290,0.55670816,0.06669123,0.05504841
urn:cts:greekLit:tlg5026.msAint.hmt:4.482	urn:cite:hmt:vaimg.VA057RN-0058@0.12527634,0.49820194,0.07148121,0.02088520
urn:cts:greekLit:tlg5026.msAint.hmt:4.479	urn:cite:hmt:vaimg.VA057RN-0058@0.12601326,0.45477178,0.06890199,0.03001383
urn:cts:greekLit:tlg5026.msAint.hmt:4.434	urn:cite:hmt:vaimg.VA056RN-0057@0.13061901,0.53748271,0.04863670,0.02517289
urn:cts:greekLit:tlg5026.msAint.hmt:4.410	urn:cite:hmt:vaimg.VA056RN-0057@0.14609433,0.28907331,0.04974208,0.01369295
urn:cts:greekLit:tlg5026.msAint.hmt:4.339	urn:cite:hmt:vaimg.VA055RN-0056@0.13633014,0.31742739,0.03518791,0.03153527
urn:cts:greekLit:tlg5026.msAint.hmt:4.313	urn:cite:hmt:vaimg.VA054VN-0556@0.83382461,0.44467497,0.03684598,0.02752420
urn:cts:greekLit:tlg5026.msAint.hmt:4.300	urn:cite:hmt:vaimg.VA054VN-0556@0.80563744,0.31908714,0.05637436,0.02544952
urn:cts:greekLit:tlg5026.msAint.hmt:4.282	urn:cite:hmt:vaimg.VA054RN-0055@0.11348563,0.65283541,0.06853353,0.04024896
urn:cts:greekLit:tlg5026.msAint.hmt:4.275	urn:cite:hmt:vaimg.VA054RN-0055@0.10961680,0.57482711,0.07148121,0.04605809
urn:cts:greekLit:tlg5026.msAint.hmt:4.266	urn:cite:hmt:vaimg.VA054RN-0055@0.11238025,0.50650069,0.07719234,0.01977870
urn:cts:greekLit:tlg5026.msAint.hmt:4.263	urn:cite:hmt:vaimg.VA054RN-0055@0.11606485,0.48603043,0.06650700,0.02171508
urn:cts:greekLit:tlg5026.msAint.hmt:4.260	urn:cite:hmt:vaimg.VA054RN-0055@0.11201179,0.43305671,0.06853353,0.04052559
urn:cts:greekLit:tlg5026.msAint.hmt:4.242	urn:cite:hmt:vaimg.VA054RN-0055@0.11845984,0.35020747,0.06558585,0.05836791
urn:cts:greekLit:tlg5026.msAint.hmt:4.235	urn:cite:hmt:vaimg.VA054RN-0055@0.12030214,0.31023513,0.06540162,0.03084371
urn:cts:greekLit:tlg5026.msAint.hmt:4.805	urn:cite:hmt:vaimg.VA053RN-0054@0.84322034,0.65560166,0.03224024,0.01023513
urn:cts:greekLit:tlg5026.msAint.hmt:4.187	urn:cite:hmt:vaimg.VA053RN-0054@0.86864407,0.23236515,0.02210759,0.02157676
urn:cts:greekLit:tlg5026.msAint.hmt:4.165	urn:cite:hmt:vaimg.VA053RN-0054@0.09966839,0.52531120,0.05987472,0.04177040
urn:cts:greekLit:tlg5026.msAint.hmt:4.68	urn:cite:hmt:vaimg.VA052RN-0053@0.09229919,0.39239281,0.05471629,0.04674965
urn:cts:greekLit:tlg5026.msAint.hmt:4.791	urn:cite:hmt:vaimg.VA051VN-0553@0.86366986,0.26569848,0.03260870,0.01479945
urn:cts:greekLit:tlg5026.msAint.hmt:8.351	urn:cite:hmt:vaimg.VA111RN-0112@0.132,0.5455,0.026,0.0174
urn:cts:greekLit:tlg5026.msAint.hmt:8.350	urn:cite:hmt:vaimg.VA111RN-0112@0.1176,0.2358,0.0632,0.027
urn:cts:greekLit:tlg5026.msAint.hmt:8.337	urn:cite:hmt:vaimg.VA110VN-0613@0.8456,0.4806,0.0496,0.0318
urn:cts:greekLit:tlg5026.msAint.hmt:8.336	urn:cite:hmt:vaimg.VA110VN-0613@0.8324,0.4091,0.0624,0.0354
urn:cts:greekLit:tlg5026.msAint.hmt:8.335	urn:cite:hmt:vaimg.VA110VN-0613@0.8332,0.2544,0.0648,0.0589
urn:cts:greekLit:tlg5026.msAint.hmt:8.319	urn:cite:hmt:vaimg.VA110RN-0111@0.1064,0.6837,0.07,0.0457
urn:cts:greekLit:tlg5026.msAint.hmt:8.318	urn:cite:hmt:vaimg.VA110RN-0111@0.112,0.4082,0.062,0.0351
urn:cts:greekLit:tlg5026.msAint.hmt:8.303	urn:cite:hmt:vaimg.VA109VN-0612@0.8672,0.6576,0.0368,0.0159
urn:cts:greekLit:tlg5026.msAint.hmt:8.302	urn:cite:hmt:vaimg.VA109VN-0612@0.8492,0.55,0.0512,0.0391
urn:cts:greekLit:tlg5026.msAint.hmt:8.301	urn:cite:hmt:vaimg.VA109VN-0612@0.8412,0.4527,0.056,0.0255
urn:cts:greekLit:tlg5026.msAint.hmt:8.300	urn:cite:hmt:vaimg.VA109VN-0612@0.806,0.401,0.0664,0.0192
urn:cts:greekLit:tlg5026.msAint.hmt:8.299	urn:cite:hmt:vaimg.VA109VN-0612@0.8628,0.3232,0.0352,0.0222
urn:cts:greekLit:tlg5026.msAint.hmt:8.286	urn:cite:hmt:vaimg.VA109RN-0110@0.1188,0.5326,0.05,0.0303
urn:cts:greekLit:tlg5026.msAint.hmt:8.285	urn:cite:hmt:vaimg.VA109RN-0110@0.1128,0.4136,0.0544,0.033
urn:cts:greekLit:tlg5026.msAint.hmt:8.284	urn:cite:hmt:vaimg.VA109RN-0110@0.1104,0.2773,0.0648,0.0333
urn:cts:greekLit:tlg5026.msAint.hmt:8.257	urn:cite:hmt:vaimg.VA108RN-0109@0.1132,0.2977,0.0404,0.0165
urn:cts:greekLit:tlg5026.msAint.hmt:8.232	urn:cite:hmt:vaimg.VA107RN-0108@0.1148,0.5446,0.0628,0.0469
urn:cts:greekLit:tlg5026.msAint.hmt:8.220	urn:cite:hmt:vaimg.VA106VN-0609@0.878,0.5623,0.0394,0.0393
urn:cts:greekLit:tlg5026.msAint.hmt:8.219	urn:cite:hmt:vaimg.VA106VN-0609@0.8811,0.5276,0.0251,0.0442
urn:cts:greekLit:tlg5026.msAint.hmt:8.203	urn:cite:hmt:vaimg.VA106RN-0107@0.1094,0.6297,0.0629,0.0365
urn:cts:greekLit:tlg5026.msAint.hmt:8.202	urn:cite:hmt:vaimg.VA106RN-0107@0.1123,0.5683,0.05,0.0326
urn:cts:greekLit:tlg5026.msAint.hmt:8.201	urn:cite:hmt:vaimg.VA106RN-0107@0.1194,0.3173,0.0614,0.0491
urn:cts:greekLit:tlg5026.msAint.hmt:3.639	urn:cite:hmt:vaimg.VA050VN-0552@0.87251290,0.39294606,0.03224024,0.05145228
urn:cts:greekLit:tlg5026.msAint.hmt:3.608	urn:cite:hmt:vaimg.VA050RN-0051@0.09137804,0.47109267,0.05176861,0.02932227
urn:cts:greekLit:tlg5026.msAint.hmt:3.545	urn:cite:hmt:vaimg.VA049RN-0050@0.09690494,0.63084371,0.05619013,0.04730290
urn:cts:greekLit:tlg5026.msAint.hmt:3.532	urn:cite:hmt:vaimg.VA049RN-0050@0.10058954,0.49626556,0.05305822,0.04121715
urn:cts:greekLit:tlg5026.msAint.hmt:3.754	urn:cite:hmt:vaimg.VA049RN-0050@0.10335298,0.40995851,0.05195284,0.01894882
urn:cts:greekLit:tlg5026.msAint.hmt:3.504	urn:cite:hmt:vaimg.VA048VN-0550@0.81650700,0.57579530,0.08179808,0.01659751
urn:cts:greekLit:tlg5026.msAint.hmt:3.478	urn:cite:hmt:vaimg.VA048RN-0049@0.06521739,0.69004149,0.07313928,0.01991701
urn:cts:greekLit:tlg5026.msAint.hmt:3.469	urn:cite:hmt:vaimg.VA048RN-0049@0.09893147,0.57773167,0.02081798,0.02074689
urn:cts:greekLit:tlg5026.msAint.hmt:8.191	urn:cite:hmt:vaimg.VA105VN-0608@0.8614,0.6762,0.0457,0.0429
urn:cts:greekLit:tlg5026.msAint.hmt:3.403	urn:cite:hmt:vaimg.VA047RN-0048@0.07037583,0.57524205,0.05342668,0.04190871
urn:cts:greekLit:tlg5026.msAint.hmt:3.397	urn:cite:hmt:vaimg.VA047RN-0048@0.07184967,0.42821577,0.05655859,0.05255878
urn:cts:greekLit:tlg5026.msAint.hmt:3.394	urn:cite:hmt:vaimg.VA047RN-0048@0.07148121,0.36818811,0.04789978,0.04702628
urn:cts:greekLit:tlg5026.msAint.hmt:3.387	urn:cite:hmt:vaimg.VA046VN-0548@0.82848195,0.65615491,0.05637436,0.03637621
urn:cts:greekLit:tlg5026.msAint.hmt:3.343	urn:cite:hmt:vaimg.VA046RN-0047@0.07792926,0.52752420,0.06705969,0.08561549
urn:cts:greekLit:tlg5026.msAint.hmt:3.327	urn:cite:hmt:vaimg.VA046RN-0047@0.09690494,0.32780083,0.04513633,0.08547718
urn:cts:greekLit:tlg5026.msAint.hmt:3.322	urn:cite:hmt:vaimg.VA046RN-0047@0.09801032,0.28589212,0.04439941,0.02959889
urn:cts:greekLit:tlg5026.msAint.hmt:3.287	urn:cite:hmt:vaimg.VA045RN-0046@0.08492999,0.67316736,0.04679440,0.06362379
urn:cts:greekLit:tlg5026.msAint.hmt:3.268	urn:cite:hmt:vaimg.VA045RN-0046@0.10335298,0.43817427,0.04163596,0.03706777
urn:cts:greekLit:tlg5026.msAint.hmt:3.262	urn:cite:hmt:vaimg.VA045RN-0046@0.09764186,0.37261411,0.05840088,0.01549101
urn:cts:greekLit:tlg5026.msAint.hmt:8.190	urn:cite:hmt:vaimg.VA105VN-0608@0.8749,0.5941,0.0371,0.0487
urn:cts:greekLit:tlg5026.msAint.hmt:3.260	urn:cite:hmt:vaimg.VA045RN-0046@0.10611643,0.34730290,0.04771555,0.02420470
urn:cts:greekLit:tlg5026.msAint.hmt:3.259	urn:cite:hmt:vaimg.VA045RN-0046@0.11090641,0.32130014,0.05803242,0.02586445
urn:cts:greekLit:tlg5026.msAint.hmt:3.250	urn:cite:hmt:vaimg.VA045RN-0046@0.12675018,0.21065007,0.13006632,0.03319502
urn:cts:greekLit:tlg5026.msAint.hmt:3.241	urn:cite:hmt:vaimg.VA044VN-0546@0.85519528,0.65076072,0.03095063,0.05172891
urn:cts:greekLit:tlg5026.msAint.hmt:3.209	urn:cite:hmt:vaimg.VA044VN-0546@0.85869565,0.28035961,0.03334562,0.01645920
urn:cts:greekLit:tlg5026.msAint.hmt:3.692	urn:cite:hmt:vaimg.VA044RN-0045@0.08916728,0.67842324,0.06484893,0.05145228
urn:cts:greekLit:tlg5026.msAint.hmt:3.192	urn:cite:hmt:vaimg.VA044RN-0045@0.09137804,0.60165975,0.03297716,0.01825726
urn:cts:greekLit:tlg5026.msAint.hmt:3.176	urn:cite:hmt:vaimg.VA044RN-0045@0.08511422,0.27136929,0.05121592,0.04177040
urn:cts:greekLit:tlg5026.msAint.hmt:3.165	urn:cite:hmt:vaimg.VA043VN-0545@0.88890936,0.63526971,0.02450258,0.02378976
urn:cts:greekLit:tlg5026.msAint.hmt:3.72	urn:cite:hmt:vaimg.VA042VN-0544@0.78795136,0.40691563,0.11164333,0.03817427
urn:cts:greekLit:tlg5026.msAint.hmt:8.189	urn:cite:hmt:vaimg.VA105VN-0608@0.8651,0.4962,0.0363,0.0341
urn:cts:greekLit:tlg5026.msAint.hmt:3.55	urn:cite:hmt:vaimg.VA042RN-0043@0.06448047,0.69446750,0.11238025,0.03388658
urn:cts:greekLit:tlg5026.msAint.hmt:3.49	urn:cite:hmt:vaimg.VA042RN-0043@0.06263817,0.64273859,0.06374355,0.01728907
urn:cts:greekLit:tlg5026.msAint.hmt:3.43	urn:cite:hmt:vaimg.VA042RN-0043@0.06061164,0.59211618,0.06300663,0.04121715
urn:cts:greekLit:tlg5026.msAint.hmt:3.31	urn:cite:hmt:vaimg.VA042RN-0043@0.06521739,0.52627939,0.05711127,0.05062241
urn:cts:greekLit:tlg5026.msAint.hmt:3.28	urn:cite:hmt:vaimg.VA042RN-0043@0.06742815,0.46376210,0.05858511,0.04315353
urn:cts:greekLit:tlg5026.msAint.hmt:3.22	urn:cite:hmt:vaimg.VA042RN-0043@0.06761238,0.40995851,0.06503316,0.03070539
urn:cts:greekLit:tlg5026.msAint.hmt:3.4	urn:cite:hmt:vaimg.VA042RN-0043@0.07184967,0.28049793,0.06890199,0.02461964
urn:cts:greekLit:tlg5026.msAint.hmt:8.188	urn:cite:hmt:vaimg.VA105VN-0608@0.8574,0.2761,0.0363,0.0311
urn:cts:greekLit:tlg5026.msAint.hmt:8.175	urn:cite:hmt:vaimg.VA105RN-0106@0.1177,0.472,0.0614,0.0468
urn:cts:greekLit:tlg5026.msAint.hmt:8.174	urn:cite:hmt:vaimg.VA105RN-0106@0.1143,0.4158,0.0557,0.0309
urn:cts:greekLit:tlg5026.msAint.hmt:8.144	urn:cite:hmt:vaimg.VA104RN-0105@0.1163,0.6769,0.056,0.0386
urn:cts:greekLit:tlg5026.msAint.hmt:8.143	urn:cite:hmt:vaimg.VA104RN-0105@0.118,0.6393,0.0586,0.0393
urn:cts:greekLit:tlg5026.msAint.hmt:8.142	urn:cite:hmt:vaimg.VA104RN-0105@0.1174,0.587,0.0657,0.0393
urn:cts:greekLit:tlg5026.msAint.hmt:8.141	urn:cite:hmt:vaimg.VA104RN-0105@0.1154,0.277,0.0611,0.0251
urn:cts:greekLit:tlg5026.msAint.hmt:8.128	urn:cite:hmt:vaimg.VA103VN-0606@0.8006,0.6962,0.0537,0.0429
urn:cts:greekLit:tlg5026.msAint.hmt:8.127	urn:cite:hmt:vaimg.VA103VN-0606@0.834,0.4029,0.0397,0.0363
urn:cts:greekLit:tlg5026.msAint.hmt:8.126	urn:cite:hmt:vaimg.VA103VN-0606@0.8254,0.3806,0.0383,0.021
urn:cts:greekLit:tlg5026.msAint.hmt:8.114	urn:cite:hmt:vaimg.VA103RN-0104@0.12,0.5068,0.0626,0.0442
urn:cts:greekLit:tlg5026.msAint.hmt:8.113	urn:cite:hmt:vaimg.VA103RN-0104@0.1134,0.3913,0.0611,0.0436
urn:cts:greekLit:tlg5026.msAint.hmt:8.112	urn:cite:hmt:vaimg.VA103RN-0104@0.1134,0.2768,0.0689,0.0451
urn:cts:greekLit:tlg5026.msAint.hmt:8.94	urn:cite:hmt:vaimg.VA102VN-0605@0.8329,0.5228,0.0449,0.0193
urn:cts:greekLit:tlg5026.msAint.hmt:8.93	urn:cite:hmt:vaimg.VA102VN-0605@0.863,0.4616,0.0307,0.0358
urn:cts:greekLit:tlg5026.msAint.hmt:8.77	urn:cite:hmt:vaimg.VA102RN-0103@0.1074,0.6992,0.0614,0.0412
urn:cts:greekLit:tlg5026.msAint.hmt:8.76	urn:cite:hmt:vaimg.VA102RN-0103@0.1063,0.6151,0.0563,0.0345
urn:cts:greekLit:tlg5026.msAint.hmt:8.75	urn:cite:hmt:vaimg.VA102RN-0103@0.1163,0.5415,0.06,0.0403
urn:cts:greekLit:tlg5026.msAint.hmt:8.74	urn:cite:hmt:vaimg.VA102RN-0103@0.1094,0.3999,0.0506,0.0352
urn:cts:greekLit:tlg5026.msAint.hmt:8.56	urn:cite:hmt:vaimg.VA101VN-0604@0.8357,0.6014,0.0426,0.0193
urn:cts:greekLit:tlg5026.msAint.hmt:8.55	urn:cite:hmt:vaimg.VA101VN-0604@0.8663,0.5087,0.0294,0.0446
urn:cts:greekLit:tlg5026.msAint.hmt:8.54	urn:cite:hmt:vaimg.VA101VN-0604@0.8306,0.4581,0.0409,0.021
urn:cts:greekLit:tlg5026.msAint.hmt:8.33	urn:cite:hmt:vaimg.VA101RN-0102@0.114,0.4478,0.064,0.0345
urn:cts:greekLit:tlg5026.msAint.hmt:8.32	urn:cite:hmt:vaimg.VA101RN-0102@0.1143,0.3757,0.0663,0.0333
urn:cts:greekLit:tlg5026.msAint.hmt:2.801	urn:cite:hmt:vaimg.VA041RN-0042@0.0743,0.438,0.0477,0.0333
urn:cts:greekLit:tlg5026.msAint.hmt:2.771	urn:cite:hmt:vaimg.VA040RN-0041@0.0693,0.403,0.0603,0.0293
urn:cts:greekLit:tlg5026.msAint.hmt:2.770	urn:cite:hmt:vaimg.VA040RN-0041@0.0737,0.3234,0.0607,0.0373
urn:cts:greekLit:tlg5026.msAint.hmt:2.749	urn:cite:hmt:vaimg.VA039RN-0040@0.0721,0.4747,0.065,0.0598
urn:cts:greekLit:tlg5026.msAint.hmt:2.713	urn:cite:hmt:vaimg.VA038RN-0039@0.0757,0.4964,0.058,0.0323
urn:cts:greekLit:tlg5026.msAint.hmt:2.712	urn:cite:hmt:vaimg.VA038RN-0039@0.0833,0.2723,0.0593,0.0496
urn:cts:greekLit:tlg5026.msAint.hmt:2.703	urn:cite:hmt:vaimg.VA037VN-0539@0.863,0.4936,0.0437,0.0466
urn:cts:greekLit:tlg5026.msAint.hmt:2.702	urn:cite:hmt:vaimg.VA037VN-0539@0.8623,0.4078,0.0367,0.0423
urn:cts:greekLit:tlg5026.msAint.hmt:2.684	urn:cite:hmt:vaimg.VA037RN-0038@0.0862,0.2275,0.0654,0.0275
urn:cts:greekLit:tlg5026.msAint.hmt:2.661	urn:cite:hmt:vaimg.VA036RN-0037@0.1037,0.5084,0.0607,0.0333
urn:cts:greekLit:tlg5026.msAint.hmt:2.582	urn:cite:hmt:vaimg.VA033VN-0535@0.863,0.424,0.0453,0.0493
urn:cts:greekLit:tlg5026.msAint.hmt:2.565	urn:cite:hmt:vaimg.VA033RN-0034@0.0836,0.4572,0.0804,0.052
urn:cts:greekLit:tlg5026.msAint.hmt:2.564	urn:cite:hmt:vaimg.VA033RN-0034@0.0996,0.4379,0.0596,0.0252
urn:cts:greekLit:tlg5026.msAint.hmt:2.563	urn:cite:hmt:vaimg.VA033RN-0034@0.0813,0.3949,0.0854,0.0275
urn:cts:greekLit:tlg5026.msAint.hmt:2.562	urn:cite:hmt:vaimg.VA033RN-0034@0.0838,0.3567,0.0867,0.041
urn:cts:greekLit:tlg5026.msAint.hmt:2.561	urn:cite:hmt:vaimg.VA033RN-0034@0.0996,0.2215,0.0633,0.0444
urn:cts:greekLit:tlg5026.msAint.hmt:2.542	urn:cite:hmt:vaimg.VA032VN-0534@0.8603,0.3134,0.0297,0.0125
urn:cts:greekLit:tlg5026.msAint.hmt:2.541	urn:cite:hmt:vaimg.VA032VN-0534@0.8477,0.2533,0.0313,0.0185
urn:cts:greekLit:tlg5026.msAint.hmt:2.501	urn:cite:hmt:vaimg.VA031RN-0032@0.1142,0.6239,0.0675,0.0513
urn:cts:greekLit:tlg5026.msAint.hmt:2.500	urn:cite:hmt:vaimg.VA031RN-0032@0.1121,0.3783,0.0717,0.061
urn:cts:greekLit:tlg5026.msAint.hmt:2.462	urn:cite:hmt:vaimg.VA030RN-0031@0.0953,0.2989,0.064,0.0468
urn:cts:greekLit:tlg5026.msAint.hmt:2.461	urn:cite:hmt:vaimg.VA030RN-0031@0.0993,0.2546,0.065,0.0313
urn:cts:greekLit:tlg5026.msAint.hmt:2.440	urn:cite:hmt:vaimg.VA029VN-0531@0.806,0.2145,0.077,0.0373
urn:cts:greekLit:tlg5026.msAint.hmt:2.396	urn:cite:hmt:vaimg.VA028VN-0530@0.8112,0.5141,0.0756,0.017
urn:cts:greekLit:tlg5026.msAint.hmt:2.395	urn:cite:hmt:vaimg.VA028VN-0530@0.8503,0.3375,0.0524,0.0431
urn:cts:greekLit:tlg5026.msAint.hmt:2.394	urn:cite:hmt:vaimg.VA028VN-0530@0.835,0.2915,0.0759,0.0451
urn:cts:greekLit:tlg5026.msAint.hmt:2.341	urn:cite:hmt:vaimg.VA028RN-0029@0.0954,0.7951,0.0567,0.0263
urn:cts:greekLit:tlg5026.msAint.hmt:2.340	urn:cite:hmt:vaimg.VA028RN-0029@0.0704,0.6755,0.0929,0.0338
urn:cts:greekLit:tlg5026.msAint.hmt:2.339	urn:cite:hmt:vaimg.VA028RN-0029@0.0658,0.6277,0.0971,0.0497
urn:cts:greekLit:tlg5026.msAint.hmt:2.338	urn:cite:hmt:vaimg.VA028RN-0029@0.0638,0.6017,0.0946,0.0294
urn:cts:greekLit:tlg5026.msAint.hmt:2.337	urn:cite:hmt:vaimg.VA028RN-0029@0.0646,0.5713,0.0996,0.0141
urn:cts:greekLit:tlg5026.msAint.hmt:2.336	urn:cite:hmt:vaimg.VA028RN-0029@0.0992,0.5535,0.06,0.0222
urn:cts:greekLit:tlg5026.msAint.hmt:2.335	urn:cite:hmt:vaimg.VA028RN-0029@0.0688,0.5141,0.0921,0.0429
urn:cts:greekLit:tlg5026.msAint.hmt:2.334	urn:cite:hmt:vaimg.VA028RN-0029@0.0963,0.4678,0.0738,0.0344
urn:cts:greekLit:tlg5026.msAint.hmt:2.333	urn:cite:hmt:vaimg.VA028RN-0029@0.0654,0.3996,0.1033,0.0657
urn:cts:greekLit:tlg5026.msAint.hmt:2.332	urn:cite:hmt:vaimg.VA028RN-0029@0.0647,0.3377,0.0887,0.0646
urn:cts:greekLit:tlg5026.msAint.hmt:2.331	urn:cite:hmt:vaimg.VA028RN-0029@0.1013,0.2268,0.0567,0.0319
urn:cts:greekLit:tlg5026.msAint.hmt:2.291	urn:cite:hmt:vaimg.VA027VN-0529@0.8654,0.6036,0.0479,0.0623
urn:cts:greekLit:tlg5026.msAint.hmt:2.290	urn:cite:hmt:vaimg.VA027VN-0529@0.8421,0.5213,0.065,0.0641
urn:cts:greekLit:tlg5026.msAint.hmt:2.289	urn:cite:hmt:vaimg.VA027VN-0529@0.8033,0.4609,0.0988,0.0288
urn:cts:greekLit:tlg5026.msAint.hmt:2.288	urn:cite:hmt:vaimg.VA027VN-0529@0.8296,0.424,0.0733,0.0413
urn:cts:greekLit:tlg5026.msAint.hmt:2.287	urn:cite:hmt:vaimg.VA027VN-0529@0.8163,0.3307,0.0946,0.0454
urn:cts:greekLit:tlg5026.msAint.hmt:2.286	urn:cite:hmt:vaimg.VA027VN-0529@0.8354,0.2694,0.0633,0.0695
urn:cts:greekLit:tlg5026.msAint.hmt:2.285	urn:cite:hmt:vaimg.VA027VN-0529@0.8167,0.215,0.0667,0.0438
urn:cts:greekLit:tlg5026.msAint.hmt:2.246	urn:cite:hmt:vaimg.VA027RN-0028@0.0625,0.6461,0.0988,0.0585
urn:cts:greekLit:tlg5026.msAint.hmt:2.245	urn:cite:hmt:vaimg.VA027RN-0028@0.0875,0.5135,0.0771,0.0266
urn:cts:greekLit:tlg5026.msAint.hmt:2.244	urn:cite:hmt:vaimg.VA027RN-0028@0.0929,0.475,0.0621,0.0235
urn:cts:greekLit:tlg5026.msAint.hmt:2.243	urn:cite:hmt:vaimg.VA027RN-0028@0.065,0.3942,0.0933,0.0319
urn:cts:greekLit:tlg5026.msAint.hmt:2.242	urn:cite:hmt:vaimg.VA027RN-0028@0.0763,0.337,0.0712,0.0432
urn:cts:greekLit:tlg5026.msAint.hmt:2.196	urn:cite:hmt:vaimg.VA026VN-0528@0.8457,0.606,0.0657,0.0641
urn:cts:greekLit:tlg5026.msAint.hmt:2.195	urn:cite:hmt:vaimg.VA026VN-0528@0.8667,0.5204,0.0383,0.0343
urn:cts:greekLit:tlg5026.msAint.hmt:2.194	urn:cite:hmt:vaimg.VA026VN-0528@0.8353,0.4411,0.0563,0.0215
urn:cts:greekLit:tlg5026.msAint.hmt:2.193	urn:cite:hmt:vaimg.VA026VN-0528@0.8523,0.3176,0.0387,0.026
urn:cts:greekLit:tlg5026.msAint.hmt:2.146	urn:cite:hmt:vaimg.VA026RN-0027@0.0804,0.669,0.4663,0.0357
urn:cts:greekLit:tlg5026.msAint.hmt:2.145	urn:cite:hmt:vaimg.VA026RN-0027@0.075,0.5995,0.0721,0.0347
urn:cts:greekLit:tlg5026.msAint.hmt:2.144	urn:cite:hmt:vaimg.VA026RN-0027@0.0721,0.5166,0.0946,0.0523
urn:cts:greekLit:tlg5026.msAint.hmt:2.143	urn:cite:hmt:vaimg.VA026RN-0027@0.0854,0.4603,0.0867,0.0613
urn:cts:greekLit:tlg5026.msAint.hmt:2.142	urn:cite:hmt:vaimg.VA026RN-0027@0.0808,0.3802,0.085,0.0554
urn:cts:greekLit:tlg5026.msAint.hmt:2.141	urn:cite:hmt:vaimg.VA026RN-0027@0.0963,0.3648,0.0704,0.015
urn:cts:greekLit:tlg5026.msAint.hmt:2.140	urn:cite:hmt:vaimg.VA026RN-0027@0.0967,0.2669,0.0771,0.0635
urn:cts:greekLit:tlg5026.msAint.hmt:2.139	urn:cite:hmt:vaimg.VA026RN-0027@0.1358,0.2128,0.0354,0.0354
urn:cts:greekLit:tlg5026.msAint.hmt:2.111	urn:cite:hmt:vaimg.VA025VN-0527@0.8435,0.5798,0.0569,0.0254
urn:cts:greekLit:tlg5026.msAint.hmt:2.110	urn:cite:hmt:vaimg.VA025VN-0527@0.8292,0.4467,0.0754,0.041
urn:cts:greekLit:tlg5026.msAint.hmt:2.109	urn:cite:hmt:vaimg.VA025VN-0527@0.8292,0.2726,0.0538,0.0338
urn:cts:greekLit:tlg5026.msAint.hmt:2.74	urn:cite:hmt:vaimg.VA025RN-0026@0.0793,0.5937,0.0696,0.0311
urn:cts:greekLit:tlg5026.msAint.hmt:2.73	urn:cite:hmt:vaimg.VA025RN-0026@0.0911,0.5334,0.0804,0.0274
urn:cts:greekLit:tlg5026.msAint.hmt:2.72	urn:cite:hmt:vaimg.VA025RN-0026@0.0804,0.4358,0.0904,0.0316
urn:cts:greekLit:tlg5026.msAint.hmt:2.33	urn:cite:hmt:vaimg.VA024VN-0526@0.8788,0.6674,0.0375,0.031
urn:cts:greekLit:tlg5026.msAint.hmt:2.32	urn:cite:hmt:vaimg.VA024VN-0526@0.8888,0.4978,0.0379,0.0322
urn:cts:greekLit:tlg5026.msAint.hmt:2.15	urn:cite:hmt:vaimg.VA024RN-0025@0.0987,0.6298,0.0777,0.0295
urn:cts:greekLit:tlg5026.msAint.hmt:2.14	urn:cite:hmt:vaimg.VA024RN-0025@0.099,0.5892,0.068,0.0401
urn:cts:greekLit:tlg5026.msAint.hmt:2.13	urn:cite:hmt:vaimg.VA024RN-0025@0.1117,0.5344,0.057,0.0315
